Image,UniqueID
SB13-1510-118.JPG,1059
SB14-1547-281.JPG,1059
SB10-1360-057.JPG,1059
SB13-1506-056.JPG,1059
SB14-1560-149.JPG,1076
SB14-1548-038.JPG,1076
SB09-1260-001.JPG,1076
SB19-1776-570.JPG,1076
SB09-1245-322.JPG,1051
SB17-1641-147.JPG,1051
SB12-1461-655.JPG,1051
SB12-1486-107.JPG,1051
1SB17-1659-183.JPG,1036
0SB09-1266-345.JPG,1036
SB10-1362-075.JPG,1036
SB17-1659-178.JPG,1036
SB13-1510-144.JPG,1053
SB12-1461-480.JPG,1053
SB11-1439-140.JPG,1053
SB12-1487-137.JPG,1053
SB16-1621-108.JPG,773
SB12-1479-085.JPG,773
SB09-1266-250.JPG,773
SB16-1621-403.JPG,773
