ID,Image
CRC-21436,092f0578-97d7-4aaa-8bc4-2394726abdc4.jpg
CRC-21436,d21860bf-945f-4517-a9dd-c159a502547e.jpg
CRC-21436,901ef6df-4e82-4be9-ae4f-d4e2ac2ac6c5.jpg
CRC-19915,e56bd946-f4f9-485d-8137-91d361a00bd5.jpg
CRC-19915,96c9ef4e-c06f-4420-a914-b2dbc3c24dd8.jpg
HW-MN1107416,979300c4-601b-48fc-8038-aef00ae553aa.jpg
HW-MN1107416,a3977844-9821-489d-9640-a09046c267f3.jpg
CRC-20448,43f3385b-6d40-4b2c-b7f9-6062c680361a.jpg
CRC-20448,32508e57-28c2-4ebf-872d-2264a0b8ce3f.jpg
CRC-20448,0ed7d14c-7705-4f6e-af23-49b65c108e63.jpg
